<?xml version="1.0" encoding="UTF-8"?>
<project-private xmlns="http://www.netbeans.org/ns/project-private/1">
    <editor-bookmarks xmlns="http://www.netbeans.org/ns/editor-bookmarks/2" lastBookmarkId="0"/>
    <open-files xmlns="http://www.netbeans.org/ns/projectui-open-files/2">
        <group>
            <file>file:/C:/Users/Alunos/Desktop/fatec/fatec-dsm-tecprog/exCadastroPessoas/src/classes/Pessoa.java</file>
            <file>file:/C:/Users/Alunos/Desktop/fatec/fatec-dsm-tecprog/exCadastroPessoas/src/classes/Controle.java</file>
            <file>file:/C:/Users/Alunos/Desktop/fatec/fatec-dsm-tecprog/exCadastroPessoas/src/gui/Cadastro.java</file>
            <file>file:/C:/Users/Alunos/Desktop/fatec/fatec-dsm-tecprog/exCadastroPessoas/src/classes/Aluno.java</file>
            <file>file:/C:/Users/Alunos/Desktop/fatec/fatec-dsm-tecprog/exCadastroPessoas/src/classes/Fundamental.java</file>
        </group>
    </open-files>
</project-private>
